temp,prcp,RH,evaporation
33.28375500692957,10.239125012743685,40.265793067826294,1740.7669411840232
28.480951754780463,67.12292414595706,71.0518399119529,774.0875765292543
22.628540543099586,48.61112572128403,41.42000246860325,1395.039893719402
27.79067215483679,48.651929135597804,68.4722232708016,832.1862625410025
21.26619759634615,22.20683316200404,50.07852639194213,1154.8383811255924
15.131043501835268,22.814733031109107,39.80230445033268,1207.8981694069673
34.48639205780445,65.13142897909502,46.5748328581537,1589.0352191768006
29.197458408873295,96.72437933350231,68.6788153533509,848.7643011017027
16.037141167058472,77.262169056584,41.60675308425249,1198.1459584422162
14.411324570603654,39.01124471829341,59.68226969006279,794.4875775975
14.462006428656927,75.18500650369006,85.38449215113954,288.3786323449086
26.64581917323759,26.527856142410815,81.42825658091564,479.57645117689793
12.004079050987967,63.11783923562946,84.20252923881894,292.2854284262075
31.864784701867247,26.113104541240137,85.51236170828071,411.9182161485727
33.29121343509055,95.87879684862115,86.55770189270616,391.7839340151894
14.48551533717288,67.42334084436624,44.6589201297962,1092.5855289953206
32.91541916229322,18.628068890957337,79.30825778910693,599.185461670994
20.78778593788146,13.210860413786845,49.39624223188289,1158.5170141694762
32.710384784873085,40.78117182277744,74.37552346621302,739.3992003378986
27.032605239833604,73.84920646021179,88.75492216260992,292.55534800206
25.29989372891894,28.067698897159072,68.41700919274169,794.3105406232585
27.224787698789548,95.7016399517183,87.18586368096845,334.6077744023856
12.4559477082328,85.65077561672727,47.16932769229473,989.4114496740956
14.704511442117365,16.774374458233673,77.35696787739506,449.5152639980994
33.54325220740535,25.865533638056384,80.9862204941993,556.5642445120427
29.888818347937903,17.92974055923351,62.14140477048791,1039.0067782303988
30.830298446656048,63.006349435363234,72.87811519149275,757.1114616473932
12.705300651026704,49.41578673397017,69.06875759745103,583.1358971489474
18.28343132296395,14.335469614797361,52.61684014884358,1025.452872641276
19.601741941444693,97.18770312608052,65.17534411010769,776.6201576002944
19.40473659172965,75.23765658986287,43.63392401632758,1251.4603783821963
15.768006543383475,19.17935380417406,63.40373573301872,745.9783705498419
30.51691299449267,98.82693794692335,42.04392274793936,1608.7712491523732
33.39996070700399,24.603806547140838,47.349493597131584,1537.3937525656888
31.297479258084866,13.073341568111543,75.81932587462362,680.6555000099431
28.90840151485019,97.3567970183573,45.57163938964752,1467.072958788969
25.44339016981324,87.38169207689832,41.585867791896646,1473.303431202206
17.20480455202943,61.019577850408005,71.7545661032172,596.0465085504925
26.441478759330618,81.83272443589341,38.567902816018844,1580.0789612154506
34.363638384106295,66.3307069001167,57.357165943494564,1265.7168903019206
27.11289292575098,23.348415181854,69.92886432429992,783.5469368117443
30.9911804836196,95.56938849763552,61.809137510412356,1069.1757372398
17.013226170832514,81.5352946148582,79.49417633492116,430.7579037300834
28.440440962107996,40.08701485375705,82.47739038548397,468.20799230330493
16.271815419782584,32.64084162011271,45.181689971790554,1131.2255865543384
25.999058927564796,94.93926636355363,80.35899261446838,500.8364465257313
22.47642065744775,65.98154950632477,62.72781256933381,884.7750246407724
14.549879083809405,93.73668134267761,86.86519807322529,259.7399139968633
18.38049208520825,83.02710903202616,59.02260644833384,888.8097483202587
34.23564342314704,82.95391965296288,72.8147305662095,805.1684632710961
13.08566635334468,30.5238340364415,61.22953428046721,738.2995108789565
23.355519653621577,66.88730029349503,82.4937061931395,423.2629671198583
31.15781505114982,66.68989681884173,74.12570515871906,726.5219321377876
30.2279276555822,52.20925819197129,89.80607264021823,281.49474137614374
15.947413638467236,83.89414888530148,82.17830976127897,364.876060970772
22.047706616548744,22.4371674213683,77.42295888517359,531.0990033200559
33.66540890211925,27.15792799075426,63.57697270316341,1068.385894910985
13.330812243973181,40.18155060459421,69.73460966379568,580.0484972338041
29.2628833097302,13.76211814427326,68.12051696016147,864.9363340826407
19.846136552621033,56.37998998165393,59.995892105902236,897.0148426422467
14.467676530191037,23.120204644211807,51.6008260575086,955.1014707453508
30.111614232166673,82.67193557197942,67.56450530084993,893.7862356445228
14.411409394185823,36.73592450692277,40.52007419924783,1172.09385323462
11.351955626950549,23.075822486825444,32.16215930858573,1233.019087321216
11.330149374482708,16.361341446429016,57.0215688434084,780.7064118999472
10.668728173294241,29.90071826633585,40.53938344313549,1060.4422844916396
12.890921587541587,53.67973158606167,46.85881133518996,1006.7843063835354
34.51851890730496,15.053714490416752,62.233197666185966,1123.9120693867799
27.866437995009505,48.67408601778286,36.759596952479114,1671.6474232455864
12.429369845580887,52.80078313115068,51.65662383893411,904.7310529582868
19.53863513094533,64.27160941521076,76.03337306896245,533.7204261004848
17.63737232320793,91.92447107230501,38.19709703274494,1317.5566922349728
20.18598210447259,99.67139050746913,46.660619178695356,1205.09615362756
20.444659366829367,66.82860997449066,66.29175669798653,765.929817357105
19.227857822621445,42.88139960949948,73.69236437176403,581.7651841074754
25.134597537743623,44.41855321329492,68.87822973030535,780.1387135666281
28.62335358994665,58.066798762597465,72.74245628914682,730.8204522002534
27.645692816014304,42.980200859507555,77.05104410871692,604.0818411503753
26.64807601034543,12.983560659910875,68.94212393147635,802.0397719534991
14.621648736451114,83.8554484271832,52.11343199564158,948.6723883314341
23.715601312415835,82.02854086317117,86.32830781271913,333.0123529308226
34.496767925468404,18.63068290173797,42.009368238780915,1725.1275798742745
30.012411671980036,54.880485845288135,31.65206304949659,1879.9924222258146
20.848542210007803,22.07751317275632,50.75404766416738,1128.9275621707272
11.396910366183954,15.397874463897029,71.35443743439653,521.304986544592
32.34253644897794,63.170785520647584,58.65792616998472,1185.3296877369942
18.560322037150193,57.55414634476348,89.30298848599162,232.9826331926543
23.32830049202175,77.89618035558956,71.95116252864742,677.7763228837036
13.613263052744433,87.5869720194873,56.193499257283705,845.7559682993742
11.81052556078653,41.8721848725756,42.04291635625165,1066.7153544484208
26.864024221797372,27.60273381748825,85.6130824008764,373.0817214189748
26.187688042170002,86.76833285408637,55.26170847429782,1145.0248550786505
11.936211256166807,89.24781721210235,37.39184305841403,1156.2540555768328
27.252717463256214,87.1738471374956,31.89771454208366,1779.2647403172625
22.556742153844326,53.906676774066895,65.76994315419748,813.9349936636322
27.21636771421657,17.652330542557305,51.74765269947743,1259.781154859086
34.65882431933622,14.997001771280566,42.99038632281342,1700.5632634402507
26.57375346013199,29.320479649590975,89.74756883611897,264.3781786064871
18.732948987955808,37.689253730802264,39.98336703329035,1312.35217398099
14.31647091628162,46.530223136102535,67.12453937680054,646.2735457256915
30.1159803476218,56.0829800881169,88.17554822411125,325.8581258506429
17.4626844517336,20.19694797924669,46.02913669712602,1145.8738690087932
10.290802733280826,51.70875214586827,63.87076713723654,637.5148149322761
21.975630130615237,98.71849586730185,41.537575349202584,1373.154618467411
26.09830373725757,84.32694764147998,59.53472653809293,1033.8534170838577
33.464966421645634,53.0488174956171,60.3936507968364,1157.7919381234658
13.855928542385325,48.46415712703271,83.33450689849366,323.776604537873
16.296822178965606,77.98133200249637,40.41898155495154,1230.253361983418
28.220562022715082,11.375331278316343,64.96145620122434,932.3854967141796
33.626269835083434,93.14958832870502,59.98045875269085,1173.098211920499
20.416217602734186,36.3462952482834,85.88821140255233,320.45203085273323
23.81337926060386,88.36966654073144,78.79416611275965,517.5642060376142
32.69806426210115,69.39103329828794,88.04164412957886,344.98699274031685
13.292476762622817,15.653976564108033,41.101027706615014,1127.693763943405
22.77692373402634,78.78981900565513,49.47249435667338,1207.0243917959008
13.795176159007196,35.20093498126027,57.81401023235169,818.3064522389957
24.938648967978487,67.09531872318018,43.195443254581285,1418.3714095455398
33.93938628967415,80.99123651172448,56.93685817036789,1269.057575571856
28.951124369109955,75.85575327107938,68.18890258255142,858.1222365433204
10.218775467128962,39.825331619777266,30.076946755044514,1231.3021561050953
30.280488711674565,22.053686300728813,66.2462739914229,932.9612347970514
26.992496189798935,12.418808954850551,85.8755857836528,367.181776163287
32.908821170471484,63.83736571865337,88.06335692777269,345.6184645226794
32.104027694934004,63.438369321948684,48.4261863046394,1472.536242796619
21.79289994532487,15.723963764171112,31.680972362565367,1598.4227123001815
17.63207832537725,75.62278432900344,52.788569465544185,1006.3607021990138
22.67004590394226,43.24928944003551,75.94159623850139,573.4326058431079
12.014331868434873,46.368214139023905,48.54747641018565,952.2403918109311
32.77378698671448,40.247452799948,67.66097947756342,934.1738415111196
12.079013937864865,15.645230437050273,67.93222158107861,594.5208014757742
26.19592660865764,57.42375308159011,75.06314395025603,638.3327260866762
17.66131610615424,22.653273000477334,86.11181818706714,296.2440572306354
12.005299392895546,12.236226204206517,72.52057750583513,508.4421282702196
23.507352742252337,13.285292603361409,58.96735537946806,995.1924832778128
26.267303527194226,81.10104467798361,40.39550052316348,1527.880983132734
28.90375116162929,29.071788926826855,65.32057008398081,934.6756803101304
27.27185718780861,73.12450600949978,45.55035292452419,1423.092087927926
29.372948073395094,94.2381257211151,82.44241702468956,477.3287737054401
28.771301370003265,68.98580316014466,64.24224329586983,961.3705560265191
15.709525986084449,19.180816637093756,49.655100260783456,1024.758502100226
15.665301580172134,78.95757281371775,75.15015751404565,505.26316945555413
29.65829796305681,91.04540807740077,37.48663312655813,1708.4371166212354
10.83061246391553,40.142688780698435,72.63878863690398,490.1844804471877
25.618485440208005,78.70472833807509,51.07106849389759,1238.3542035232897
22.324496502479985,84.86210000880037,45.35213241295105,1293.0914092456437
22.31282801258232,12.346368471619448,31.24015618872261,1626.6113322074948
28.519554833768733,74.74793752339664,75.70147176349333,650.2232071667984
34.43537163917046,91.16268329458629,68.50030694295083,936.0979816827576
10.098057765650639,53.49479770614546,41.574032905601044,1025.3189840466089
22.39497731985238,55.34114751539853,76.34270786196205,560.6184121657152
29.325455870613233,62.69444443673856,82.65338549845409,471.18137030413607
13.80430454184081,42.9645109505504,69.10483706734348,599.4326556542975
21.873560111129308,53.555810862546544,58.28783370272272,977.5988671504242
33.05021173641505,90.15088053818383,39.44340511110205,1757.6615776684177
24.849206975383513,89.31811261666542,61.40797508689717,961.89091874621
24.957004598849522,30.248279505726618,64.11650687888525,896.3159154371575
13.431688222637208,65.17362215348197,83.60658624889777,315.0132830935272
14.55439669586252,45.09589391767543,75.61166153903432,482.333007118999
15.219146048207543,43.80776607454553,59.27390384638395,818.9844045878136
11.280528629092533,74.31409921288856,64.65733420134863,641.1252991682102
25.650100799593556,84.37688200431786,42.079224073857645,1466.846569524891
14.302216154874305,41.57946866069031,30.781358760130583,1360.222999978022
31.208399487513994,85.87443247826386,32.768958665503426,1889.474614645475
25.309086145984324,28.413132085550252,76.67381692964545,586.759476771734
12.211644429763385,12.242482550044503,71.27782402554811,534.3996998051981
29.693681193279136,53.491320176106555,66.37666326311029,919.492030070858
33.178204724727564,68.60652032788143,31.549062866132342,1991.1763170868044
33.186979197764536,64.64568751859022,56.66245703375148,1260.8403555296647
31.12209372523271,25.604883452043858,42.33651805986511,1618.097668983757
33.15977356252397,90.69634874473316,89.75014574113146,298.0646013723331
31.308957450646236,16.47642444120603,80.7292324315652,542.5584155261445
21.17213569563983,41.107696987445166,72.27713335803134,640.0119802325521
18.096001999984942,72.86719303598632,66.12621286719326,729.9123990112518
13.808532240820043,96.68647714834316,89.2634127300167,208.33559661176253
27.718249547393707,15.6377904137375,82.3975403110268,463.98543126561367
12.68291785856981,61.117550789333265,47.65637549607732,986.2302513005702
24.2431627104342,98.55257995595656,37.3089855682604,1543.5519120721658
25.116581724302954,16.762037670092738,83.41692762727891,415.5434509037535
13.261090935239736,43.28338525013667,67.27438198731109,626.058923347705
13.37785463076008,95.75468397353163,33.08084694541648,1284.1067639711955
26.692793035485007,75.09814121956981,72.640312476602,707.149332331277
19.321417411635622,18.865337121025657,40.30205912880638,1322.9486779836575
17.525502094414787,91.9355028258508,74.93974372890654,532.8499902714783
14.225543929228948,21.55688658267499,62.32196501796603,738.9707081773993
22.624376669506965,47.374815590866625,68.04817457769224,760.8428845951566
19.051732924715864,37.08882114816707,31.630245192465583,1505.9030894549073
32.511199137449054,67.09033671880593,73.2907941387388,768.0392285450571
29.790955715755796,83.6735768756107,57.162715741615976,1173.547872392181
27.737934422465976,14.786568375808347,86.92951523903842,344.65518409671625
31.54251188892223,11.743780862419372,84.03253841033745,451.42019338470186
24.543163344275744,66.12692792405902,30.084114236889725,1731.9270743607476
18.786596500249786,63.92348771165935,45.05710540098029,1202.8811781815145
29.72756403243062,51.240722604193856,73.07657999641492,736.726596109113
16.94467984488423,51.91277872838214,30.074678173426214,1466.4976185330668
15.056143341667525,45.73804610805253,74.7127928534062,506.4539970872003
24.86124265394357,85.85165805111474,86.1221092544721,345.9844389938424
21.271575798506483,45.57420428045521,56.12128854085573,1015.1685616112945
27.076863901701937,23.698040943996816,70.01578460098543,780.7419522668987
21.843923705858742,56.039231824758225,65.97657275550424,796.8954150264976
22.638581413341957,95.41839505348368,70.04787929937153,713.438270249567
31.45850979226456,89.44376831946596,69.59914510970638,858.1934817584281
31.64162405788644,92.21420061663875,75.55690436132777,692.2483169883182
22.699927651142442,69.40622507848735,88.43075014758836,275.9261904690129
34.66808119440178,91.54311947005235,39.208480039734155,1813.6566744601193
33.494017229507875,78.93193959741245,74.98584018804888,731.589347510966
15.876766393948044,69.87955325384769,64.19897866671772,731.7149928526651
25.076874454692124,14.9730080438276,75.34271168297784,617.3799657223329
10.178739668827255,85.62600785648647,63.34129201117713,644.8035724671788
28.30441168432219,34.760270976667194,40.36563772726143,1589.3872985590342
24.095376835976438,34.22303138910697,59.700182307799665,989.2673680098629
34.911849986438504,94.87700038632089,73.4387133195985,795.6679115215007
23.129263381743804,86.05107563205658,72.7772340679945,655.1058357605276
28.665564204427984,28.343733756618718,50.52864258853426,1327.4541537226094
31.907996728533405,45.64563126870101,64.73391548471677,1003.4611111119601
23.23291003504288,47.1309930252952,75.34397561341456,594.6159030299995
25.799080819294502,42.303989845611326,78.90455302528606,535.8146578938175
25.633579238353295,77.8576537918303,46.712300241349425,1349.0734840796067
14.854519359168272,14.321358542610431,71.72858458726515,563.3718364389647
12.753214644625201,12.924984257284677,46.14119441322863,1016.6715239102592
19.219430960721258,40.397236523822045,33.25235996295317,1475.7713302046332
20.788188000914843,52.84916122052962,32.34040843735346,1549.0050492677858
10.555497793431378,56.87618925715637,52.84397324494395,838.3280026181932
21.690204378815835,42.60519124419783,81.45318278054253,432.97734327650494
30.08061184581494,93.30470531403068,54.61492124585389,1249.918953224432
21.33979419195855,75.78923624694701,46.58188304116,1237.6922729973082
21.080068754049087,45.19533020186267,69.24313632492738,708.6391964031307
22.905825310892297,26.86016992324086,87.23807489448136,305.6852773678334
33.329148432263736,96.51510512245564,40.74966721495716,1728.0107278398932
12.36375960819677,44.557015850019596,85.39287582082918,272.88853819880865
34.65258387131601,96.66086518354167,81.81945075609312,542.258369299373
13.871864608036237,24.331664520793023,55.609603088515755,862.7687493201026
30.193086422564058,73.04183255632934,52.354213712933166,1314.8590001065486
33.702351834532884,54.02357117724507,74.66098102688741,743.7300034507796
23.896833572979236,11.773932889040362,62.16674495993311,924.9631876091142
22.67157263689961,21.07391028521843,55.82493798029579,1052.9473389059372
18.758399888936232,89.47421707233033,75.99611852517593,525.18572223099
14.231068485283291,38.11379150937846,73.81987459474374,513.5371463634567
14.404351538118645,64.22316248233275,72.16819791456095,548.347056656992
23.375627397125434,47.35474872901172,43.270825212896554,1372.1547110236595
15.062112815843106,37.361917426780224,50.1437824907093,998.6727052142082
13.578811418924799,27.665882813435093,79.87326433889672,388.23276977412615
22.406675274918896,45.046569523053336,42.15612478377343,1371.092904509291
19.013959072900867,10.73036131004175,67.43563939711137,716.6432174053627
26.861680046638764,68.36511111061391,75.34167795530307,639.4110041845258
34.08922473160461,11.417082266154999,33.68489818235466,1959.2539772010434
13.861631828931781,70.05574112682827,62.824425949767914,722.3517358846548
10.243844560574649,44.192846618825065,88.1204559325254,209.34040228228574
16.49298215451341,61.8245589515963,71.4238333204689,592.8551870390924
23.149306910764935,26.31902841914739,34.45908676132718,1577.8747733703374
16.79726707303897,44.9017233594057,61.20823475887148,810.6948860090394
13.891174800338021,36.60796464840637,30.131712241305486,1358.629896111853
19.60580388905065,48.81419123339702,31.602527441250764,1525.4621237311458
19.32590044933799,54.65128233367375,66.91828282545255,733.1884510860726
11.00972913287335,39.3442520812423,50.43964406990603,892.3274963857385
29.76158149555045,94.04223955601053,61.69357242656555,1048.8602776830155
13.313843380542082,76.55470702962178,78.71495249509245,407.755988225213
25.29477313301261,32.13901500027885,50.03323557511988,1256.5335404700154
20.831551562456184,21.935991867518112,60.06037997618378,915.2473772532203
14.792612591914594,58.16718855130148,79.31037306429091,411.64715466195634
30.903557878937757,93.73814726134358,81.24109676348507,524.3447164139525
17.838041898732232,10.858177208683673,53.89348040467135,987.5565091147035
17.743585513021443,38.119072338714,67.6741819401116,690.8606842606065
21.2587671393662,94.77394909416888,58.51447400937472,959.5346432272295
25.653106225774014,39.107818933596356,64.26682441449498,904.9981693584102
10.448159259997984,16.96288491440212,82.71015984215256,306.44650374764234
13.128597494338756,72.58925552168503,49.97830150049898,953.6286040353217
13.041663563744802,21.063062802171636,76.94867945198766,438.45529049376154
33.26781540898578,32.18388639925917,32.158105708945335,1976.49948677355
19.28069174768578,29.449198539065733,33.780050212630414,1466.1325920408715
14.286024328282567,54.57409712134273,37.626884098945496,1225.1958743598077
12.746939620405545,50.6582692712009,75.85163737810603,455.7633929101448
14.06574367113226,64.23175208031086,52.41985048926606,929.3769623102405
26.11121609755645,65.94880555155927,68.95812353170626,793.2940281223068
31.41287133689514,79.20748494345742,75.06829277262952,703.2345960133947
12.393383551736752,71.83939055270034,65.4003612304927,646.8987816298637
23.485156456503535,39.64797028169578,88.43461237489427,280.37481424168055
14.409304546419854,26.466721910702436,50.8419866866489,968.6415587814075
28.098132285615815,27.239797840961625,44.61300405877763,1470.4730186949457
10.48171987886512,59.92050651798698,84.48282399986337,275.2880460739483
18.635822949454045,87.3371473323664,75.4386218324355,535.8779745572152
21.462911133303756,48.804228982444144,57.836002585742136,979.5310324417562
34.79505675187841,45.412167142082794,45.68127345743019,1623.9956681513631
14.022415558048731,59.68067678689706,57.74522825043651,824.4416312609823
33.69237451120091,58.44124218004241,51.36705759928426,1427.1914344822353
26.65430463039257,84.51923571538364,83.82763743505963,417.6860712612935
27.334327214386878,18.063215561842533,50.772673053093484,1288.139518164505
26.33065801066033,15.85499278347543,39.99339937382072,1540.0891475623423
31.35961978489584,32.79402532293686,44.16079076072415,1573.538300907415
34.92601198013881,56.09197971468559,48.86022715117545,1532.3013202001187
17.11414038314486,62.71839368705362,81.03306793792953,399.38801974980345
18.792004082810895,40.34006037498388,34.1541134190997,1441.7616669935444
19.536413821360625,34.25425813956869,59.418783768322584,903.6709197340512
23.129269745376924,85.0652247824508,73.56740744105139,636.0906886696404
17.29657801641086,37.95895480764002,45.63145786065673,1149.8016421176271
28.838302362153932,18.83319936437689,63.10595111888425,993.1564795127983
31.02887803056494,93.09731261179645,73.02913536261362,755.5736425734995
14.365457232743758,88.88680555396337,30.611726547858435,1365.7505555171037
14.934152127333263,81.58668393509707,68.58525264839027,627.2606498904614
30.073390103164073,79.25301963917863,70.47015461523284,813.1543472807004
19.370836350026398,30.847862586165117,83.40792732707962,368.1020706389476
13.737911243547165,90.9352791376857,70.59020333099946,569.6370465272561
18.158741400523798,74.0504705890785,60.390168585531114,854.7552354677032
13.34778522144695,64.91323198278386,78.89750269806724,404.61701708534054
17.781310704876283,96.5633988336066,69.624963487257,649.74193736181
28.505966900307303,12.782143180942303,54.49230777258204,1217.4665370147986
23.62672313511823,68.70910354518395,61.41156125157915,938.2146636179643
34.15627234314704,62.97376458035725,41.34779601816138,1734.8228761377293
18.08979889586638,80.79261199705829,81.50585483849648,398.4544978800736
32.43853659745261,66.2539892923602,64.40702282332492,1022.2042610873734
13.772745906656805,48.04440832792016,60.15738022097601,772.403886473818
15.289065635472213,99.59594502535727,44.549301011288435,1117.0284255445065
28.192534183568576,38.209570239933456,38.42307032982371,1637.7164682000252
21.934386458183244,20.666792865028942,50.93992095572496,1151.302354766511
21.02345671132946,58.920227878154215,67.89799164997638,738.7226958220245
18.074359557609917,58.887925985199914,63.45109348322059,787.1603703706143
10.366195544278108,34.5511750498534,58.31928844924323,737.0440975643576
27.176486069699806,16.549728399196177,37.92952326194073,1619.3096824314878
17.620065640863633,56.569034636137964,45.04633707198539,1171.0643605989385
21.414666167213447,47.46313650698306,32.485612833187176,1566.8288709158085
14.566999032714333,89.64151900280518,84.05037378414542,315.53942252743667
33.17479951013655,79.9558914405154,39.159031500201834,1769.7055722391458
24.544091345633653,52.22735554201357,45.7376191630244,1344.1901764093402
26.4267041800662,76.80328475001545,30.255721877027717,1793.3591796411788
13.776910995894392,77.31190801503129,73.42211024932237,515.3042326603601
22.76014569796544,86.24557396449389,37.91923820912267,1482.4931140864937
15.689443294668617,37.42875953792601,73.46619428462375,539.8228915237779
10.88243345181351,81.25795555572584,83.88534451953068,289.1165264384212
10.769070933888171,55.02926700371427,81.98906944702568,322.117126267336
19.85838880264135,85.65502109570582,81.5872106876338,412.98403095762114
34.360242649279286,97.77700171734355,36.61181151425875,1881.369124805926
26.869709238716066,18.46755208496251,59.85281223653192,1041.2114780216145
33.92406560462848,36.55084682887673,69.93915231807385,885.6536804702802
23.30953100654314,91.53205733137597,66.0271908898633,820.6052375427599
33.79877683839116,87.86890843126558,78.56343249858259,630.2219743484754
14.75936697078585,81.1602475212789,47.02254943328555,1053.1749491293333
19.993557331628697,46.66266678001115,71.4289669862489,642.7562059640333
14.435580256809624,69.73003283337553,39.401098142897695,1194.8764288301438
16.302516325991906,53.669211821809945,30.40796170227766,1437.1631489753654
13.766634616137798,77.48644105929118,50.37603221077659,961.8771137439077
11.31446354815875,75.2465516342669,73.53837186081628,480.46991524265945
27.227580541357465,50.22772792643807,65.18226634711483,909.2229943117962
24.01517919769679,52.804889152142806,46.452038806928456,1312.3314567748575
18.788915242004585,46.387158853735336,83.15116730632433,368.89605337503997
10.338477389892669,15.377902342260565,71.29419412699656,507.2097359008901
28.787050935856296,73.25898196405501,63.43511012512934,983.3587970818222
32.05254481221908,25.44840806494076,73.99527681114455,741.8178175307642
30.12495534371907,93.05514019995101,49.954375903345394,1379.381396738318
28.154193257003893,30.097136054335973,33.85297786245371,1757.9957990372252
22.378755452034046,58.40828035749483,44.33278872634288,1318.7215948156565
26.725965780157097,64.02023219028973,49.502339844206,1306.0201205983014
29.354001654382703,76.3297758054668,43.919118713739095,1524.1101571063325
26.34339144463047,73.42789634088491,34.98593041645767,1669.0214120181286
22.195779696153657,63.10184301239428,77.26040966306823,536.6063479613082
23.868433154503514,28.835937930514486,76.39648814330704,576.7333206901656
14.946932301605228,25.6107044552762,58.302235412764496,832.8488895472843
29.91493190352817,28.21593631382105,77.89219433746126,607.0243212473746
28.315567554732116,53.46482050458027,61.91468428621313,1015.2701113908521
11.716078318832881,24.50849932161931,67.20543110300642,602.0439800271887
28.738063620838442,27.525165159166505,36.9020383977518,1695.3811374634174
22.812946283863273,16.723938412739706,44.134474959190975,1335.5476739480102
26.854864496675972,55.39397220279152,47.419591516130154,1363.2749785554713
33.22902752026881,63.88643997385769,84.0321960249903,464.8948485495488
12.525581113640243,42.84543761906754,81.81208480044289,341.2560435544953
19.440846545086682,93.4469833063356,64.4915073249553,789.0137370094982
19.943310111289147,59.06088439313365,80.98844176807782,427.2211786580553
15.96388199995705,75.08556312172723,42.92654274985449,1168.975184062277
34.015491741200336,25.5102086936515,84.8704114732584,446.44005337383913
22.03740667371511,71.5255139272824,82.90855234472406,401.96868700186457
31.31429013242669,77.87813602063477,59.69873698206065,1134.7685091477374
12.018752400860263,84.03349451718148,56.94295968092072,796.9589573429266
17.39988864304041,83.55518700080587,30.513843526617286,1473.1026483521546
30.80763827874233,22.55977654079415,88.95349329859533,308.2397251178474
19.841615911915845,80.32372328294976,80.81354238316209,430.17588158224896
10.770889448147273,23.801932650941122,56.37949729498589,780.1720899668344
20.902480325219493,96.4447894885284,55.668613167789715,1017.4603059276136
22.45094663167354,66.18477145312175,81.07520513670914,448.99971553669195
33.29127779173681,48.50517034178596,67.33035229485105,952.1777548695071
33.19040202013538,79.5859773861588,78.79728228346076,616.8973339224326
33.997523668856275,27.18215819560247,61.34180901891396,1140.3687687008949
22.165752975996078,66.94674494471124,88.47560822451445,271.77830784057625
10.963354948257505,87.78381616617678,41.82707475430858,1046.046779494625
20.65155375535169,95.84791430086366,89.01617356029396,250.7143715758466
29.804261230504512,47.524223624629116,87.65534270017514,338.26991173032803
32.96520755212458,64.22958527204997,38.50340202581974,1782.3315326614616
16.114556153746733,52.1709682361582,81.10770928841445,388.3740736671959
26.76415430084156,26.318035292471972,63.9111423524582,934.0545979042299
25.814763362737075,86.48077871014486,61.34540962325666,982.1119314388734
11.326676114072272,86.38990098678553,53.556581674506674,843.5675075702824
31.026223335266213,49.36828022424014,57.070159457391306,1202.5984169937803
13.048193736133502,66.27017069602266,69.68204772594682,576.7716609030124
24.846221976541713,43.18042769750354,49.19849390965044,1266.1315746611
27.47647318145439,16.550285191741278,60.00577199970016,1049.3780165353535
10.445551595766544,75.258296646337,52.51907767317937,841.4937410749523
29.327548148113564,29.269416430557282,53.11602456043053,1273.545716534092
24.237800810944982,25.542778144295,71.60713891528533,699.001019271006
31.421598313940528,82.45514883449069,79.26258862220104,585.0189474145566
33.417481538312956,98.11022347708817,44.95749236396276,1607.7223368253278
12.894439136343578,91.74180581219213,55.023265821837484,852.1840579329418
27.090462492698038,27.83787800311203,86.43395235981939,353.3308478874915
25.149327766164546,53.075641379968,86.88006362655337,328.9779947315997
24.758658886823305,25.46373159214346,73.4477803768277,660.6014194587234
15.080472563861555,52.39722476763272,35.79767587261513,1286.629745361898
12.550756163700594,63.256192960145654,41.40917475927397,1100.0648960222488
20.399122860815446,45.54333160264571,88.92411452710886,251.41774268805304
24.24735952222001,10.077819313669844,73.12852709469021,661.6745435296924
28.79948985824946,78.5124288253642,62.970705196103445,996.0785851301811
22.808749520671313,38.93753353232022,45.15714329389182,1310.9841996301975
33.44808485248179,33.78697147322258,57.62487901018724,1238.372333623379
32.06154138631878,25.29349534625505,49.958040976193246,1427.735657944709
29.361512622570686,93.56906991330182,66.68533539492448,905.5177802227608
31.061139412545156,56.190257632386334,86.61744874150844,375.1205358989135
22.015762825624524,31.071460895891335,34.167526786053756,1547.5819734255879
32.593389769909315,87.7369846735639,31.679671416134077,1967.3996566694332
20.13718661624717,59.351558291005325,33.916332019164464,1491.415426968546
15.242379807681274,57.70038159096978,36.78002342748675,1272.061154331895
21.88030128774936,35.11749245815718,40.880984238017476,1385.758635378472
20.788575169715624,27.8864959816128,70.36331183140399,678.5108619945901
21.631327912793395,55.32629228788158,87.1332286012101,299.99731813796143
15.541189629888043,90.17852736233498,81.59543776236478,373.071423865523
14.459794386598983,56.241911196813206,62.40376268710584,741.7698970382921
32.932370376139986,69.55625792794174,58.29535324053788,1208.024521237623
13.717935794996158,65.50592690127917,68.81036216940797,603.7991974970228
27.2892613431507,26.825900991234292,71.45834232100732,746.2110987717961
27.748105251577645,52.1910704464334,58.870303150285544,1084.7567891971098
32.23489994586992,29.954857612076143,86.72323408548549,379.94718436098714
11.124657243671429,87.3723201721563,83.59861175061143,296.2472644147712
26.40667047447605,31.246055129175854,42.193265571367064,1485.8258739891414
11.427252805167601,21.10598244108695,56.848577312482234,785.9438915704271
24.133580715320363,76.6270488880079,68.46896270089164,774.6163830867589
20.01246447076102,42.13117352845403,44.44244966936335,1250.3911301701496
32.55643798395948,12.232585660304137,88.70684207106001,324.9969719900474
31.16106908084112,97.0615652267576,74.50671191857799,715.8651565192624
31.61158936984668,94.132364026892,78.69588653980605,603.0298615485616
18.686380964013846,86.04585015186174,40.08006973041762,1308.8424505470605
29.622011445508942,29.20423145704826,79.9852064823908,546.6241402991742
19.34268194145855,83.36544572147648,61.46609868029371,854.3482650916429
10.461281803508168,79.9955744062061,51.72245496197773,855.9918146874327
25.76060218169254,84.80371615920556,44.45236159539138,1409.8157875944223
11.02668175187144,95.93046708861849,59.57613777525081,728.1688097762684
13.348124083249719,55.69781969952304,54.73744457659937,867.8670458507673
12.345404469962052,38.74828260685648,49.94717912800796,934.6214201635506
20.737602640400482,11.251842556210294,71.48158955129439,652.1818625193712
30.14693295754004,45.1281281530825,41.097564709575636,1624.1443249984366
22.142588407292983,65.59402887659616,54.178485331967,1080.0724030969088
18.577316610660425,31.871808636812258,77.36083465467078,493.27703802725136
17.94136465423024,52.733562205875224,84.55910643519456,331.5265205767337
26.581203830206416,81.46346297084466,85.97213520778678,361.7870765748632
27.323879130783553,53.56207375094333,76.05843426854945,626.3577957670641
27.542930975708085,74.09585790336783,36.82696394850156,1659.6482363899006
33.22965724509078,84.48156341258242,46.42129051724258,1559.9349444076297
23.285624640266626,34.07794592560413,39.90834862637229,1450.781461120375
34.00154249340811,43.591334054526754,65.46189972590223,1018.900595481885
27.77447523588402,27.747162042878294,36.11908131427437,1685.640980612674
10.819336531714999,77.2920583616932,68.11674700171017,571.0184844357774
21.18415444865056,97.7942629326628,66.21442659581595,780.1790701175283
26.14530621890067,64.3632982719995,72.03426445334175,715.1580540853159
29.235471631748023,83.27619839894409,82.83086408603592,465.58809190171263
11.772263090744069,81.78786612229348,84.42737622667825,286.32030920288156
11.505111974862944,76.56965651362532,66.53693012670021,610.7865563737357
18.275812225682884,83.94447407683703,46.70562220748951,1153.178743016644
20.47072095687438,15.205910257272343,49.8790576093661,1139.5176927700452
34.01047934518955,69.70518117809182,76.22358673416996,701.5287719629773
17.325105978636497,59.50603757567916,80.58285608507903,410.91633700073345
15.82615075712802,57.32947769865132,83.60390822413132,334.69465733466086
26.73801735449191,40.86365301466374,82.95557195046264,440.9224571121763
14.771828481842974,83.11770685893218,77.78430401107464,441.7794252381532
24.621999924786564,43.988851612932265,62.12937825481576,939.6079946955764
14.927723347896567,50.183462399680835,34.70227770758023,1303.5946954697574
13.137770728913324,80.93895695867195,60.642960400622904,750.4948764049032
26.52271204870637,19.925408350415584,68.33458309110233,815.7440786496861
11.394204126284269,71.29930104541472,80.9863810866505,345.9927639559105
23.50235450465678,99.41616237641747,46.38407380248775,1300.249329763627
21.664714472772843,58.787087047627104,83.788409536955,378.2546200537611
20.041623466065715,90.69279299099547,55.553483415944186,1000.9716321786436
11.32784173960568,93.36664993705224,34.01770402473667,1198.4972029025935
27.117770434562722,30.877457343604757,39.744673925328186,1570.1866259097335
14.37048266175559,59.34440569067364,75.1298707707287,489.57449580832326
11.715927423754513,96.61190674147964,37.703164421793915,1143.6430469094914
22.062613692569457,12.338113400638468,74.62725475286601,597.0538539429224
17.30913398864037,88.91088249080516,31.78649573522863,1443.0271458864515
19.622996127905594,44.77773136672595,70.85918795676565,650.1751714846355
32.386840271933075,74.26132602165235,37.351289583338755,1797.6057689617644
14.988793239638555,28.685389776183058,57.269026809422456,854.3800259232718
29.57292863097522,95.63535952547309,40.05283471850431,1635.74618626817
24.515845224813436,64.59479156520874,87.04950211635355,320.62742439545576
24.410509196393875,94.39541555684481,50.451864751168,1224.0992961882905
23.34482297522122,12.67457883110338,62.61417682166624,903.705501669734
22.99351181262695,64.99506104315093,48.74345910282406,1229.9907005115049
17.654072201440847,82.63601522853885,64.05429276180415,766.6153959349303
31.749380168166944,22.38344961171417,48.60670128767507,1458.268923360946
31.435174014447757,82.70653567782033,84.50137748533498,437.33372929967896
19.388690137194246,90.60499158435377,37.47431902571734,1387.7165391922472
30.553196609856514,87.97948050786222,72.66797001002965,759.1908178896588
15.850118834402116,20.201471163667136,67.39894399051038,665.8785060573252
12.879411884510239,56.980385786462705,53.16186722674707,887.1004616097129
27.058470539825993,63.612601501774876,84.22894794551463,410.5084243802443
17.31428284370163,17.997816357108263,67.69224711953132,683.539696714284
21.122410950047193,52.78461535966446,60.57465427922443,909.1959985906477
34.13685180987698,87.43416582903717,53.164830442140584,1384.842240816797
12.3230973744502,53.15280810508735,57.869355314586485,786.2230770210257
19.08197978626719,75.85146182692387,61.05646498893476,858.3540615817832
33.94381708855637,93.33473324614563,39.17332873309027,1792.6780926312372
26.518812896674195,11.095382332567015,78.21986771650984,561.0432799889714
33.73951145768629,14.308141560726217,52.295911701941435,1401.0574205811447
30.505813119700097,90.32632722861864,50.621637784534165,1370.3930726442534
15.479608099347082,25.717074926150133,53.90105929880298,933.033526689748
26.098938174998935,17.681275046821877,73.4330635521376,678.7711215242234
16.837002938410482,64.30434044461633,57.02927648926646,898.8831428920917
27.099849427508726,93.0260766813162,44.12250953147459,1455.604419898614
12.840418539388073,39.150465076467626,51.04288931176137,926.2787794610496
16.196016335183533,17.986965035818898,47.451252047794014,1082.39953951626
29.803492373258184,88.07938294559285,77.79113950935685,608.5615582588583
12.126059011231192,98.25659036058893,37.65794769339123,1157.2573564082095
33.92027998930152,85.35154120860263,34.17693993297515,1939.1565644508578
16.35899573673558,49.191897277923665,33.33219043242212,1378.6568258414763
21.56732922396658,52.09024759906822,66.45543017155944,781.0405134386639
33.605598240543216,40.846026846856105,73.03619309195942,790.115017344105
28.607677139844196,45.817461963608096,63.38163692803263,981.5126924758101
20.698277801785053,39.11775604872589,45.93002177197383,1235.4524429004048
25.449680032516625,72.96079095614995,57.74676171371344,1065.831175940419
20.386667960082256,53.32068666348935,35.72591347788844,1458.5933117083378
27.440980066656977,44.78829353961017,41.43724055157386,1535.5442504416715
18.14543797518253,72.93650287303936,58.283875069303264,899.9302403811708
34.47549224798348,66.50629321638698,81.56973955351654,548.0744061565717
33.120913378290055,57.56248278568906,89.60683729399662,302.03005468104857
19.744539304882437,25.57033725423915,82.65854913284755,387.9676149644951
31.44130584610918,86.21686174797402,72.54971584976934,774.6649416428859
29.1192321762716,94.99888996990975,57.560807826516694,1148.3882473050758
10.535696771293242,91.36486894116582,68.23012160357698,564.4823825780744
27.62909028183216,35.84983191871958,64.61029016798446,931.2641168984946
11.321720024901232,10.394380969451419,54.903186787594194,818.9969117581352
16.734177072940497,73.69010431864798,47.5353150968939,1094.785224911129
30.196374828587903,81.83042151246028,88.20378047017797,325.5542773641827
20.341090719988635,49.19633485321853,89.32261959090084,242.06203689039714
30.415559673418887,10.62365552796964,87.60075454845025,343.5555631128613
33.812714227061505,79.99467069991725,73.20969604560443,787.8052452629912
32.15653619130512,78.51943249629493,62.23422001130128,1079.2805853584625
13.958288585632648,72.15548050767305,40.58771915800086,1157.3003912866282
23.365848177757407,37.51329245376522,83.43563259195597,400.5748396090254
20.449056555268207,92.75565833243363,72.63382439516417,621.8834313827924
27.25912894570559,72.81474586137747,64.9355445990043,916.2189481057885
13.046781316109504,33.53067646948875,78.81615638003876,402.98853282166334
34.92879802852023,28.84802432996135,41.79262341708194,1744.1490575038572
25.160459333014728,59.47900037483456,65.28350104457918,870.6977670190171
33.911249801348035,52.471714448466024,68.70518500002677,921.8083319751981
16.896092105866785,94.63195054994623,56.381156444287186,913.729543580769
16.289355469336762,15.761299367938111,61.05997909297133,803.904182606856
27.48080612817073,79.07318247477706,30.918735151750766,1812.7202337948918
23.757834325625467,18.38352657070621,65.01371513690107,852.9277405120579
31.41020846496228,40.32645663697547,35.50097058479432,1819.2018475497434
26.31025755716367,35.383827148593625,76.4782041875468,603.4547006719939
34.505055273972104,12.471966236615248,47.294447373996256,1568.1234111277993
27.91899146852876,56.40763762429763,89.76843704183736,270.72199644636186
14.835258413497856,83.77184988527576,40.050539169212975,1194.0511319721345
22.61325000024221,46.53034263574998,33.282493897781606,1588.3186487188048
10.486585397601042,64.40829423244901,69.0512301199784,549.1330826490447
29.346806122821967,18.585180665852334,86.57444901086181,364.81790834937686
21.836646369044434,62.05352899700424,30.093997577645126,1637.0813572646994
20.235243145153582,55.81629399236901,78.32994192040081,490.12517310013453
10.07489880293906,27.732926435649365,48.20383255706018,908.3726657206005
22.73719628817846,55.118014902013684,66.85035520333261,791.2355502709524
28.189653904040462,28.474081629588063,51.63598253595689,1286.2326751607109
21.676270767495183,77.29212663450254,46.26214803704542,1254.1412643432202
34.99121243630203,93.35138223485617,84.19457854010021,474.09319822306765
30.118869392210694,32.732255367653764,61.15731768370205,1070.4823667175795
32.1783201345385,99.92469572012217,65.74608704136404,979.2906005047521
15.75315390243621,35.411072556638025,31.636901909719867,1393.0059288602647
33.11695794031492,27.227667913960858,41.95194591403591,1686.7881589155502
22.086762622022242,69.72837626553809,82.69429950542033,407.43470559804285
10.990765742775727,85.75615993236863,67.62805773795279,582.5454952960014
29.82688040411627,67.01033093335244,43.177346484873446,1557.7044142591901
12.27846411146173,72.30146141352333,83.11380376098788,314.7457302375567
23.734941741991783,97.38205046897913,75.98095086305756,585.283480193464
33.4774177466657,69.6063275825143,66.02830035254082,993.288635924363
22.656729583715297,50.26526565221606,59.73508603479307,959.4470582757141
34.1616203286426,46.16817605311802,72.15135182543744,823.7855749847079
10.77614775908194,86.00908354896607,37.221744031955275,1122.9820807851177
28.585539629607855,85.97042486338118,37.13048472035443,1684.448451255842
12.446618731423364,57.11763770781309,74.01445702761143,486.53536010802634
31.20826676456393,61.281274607944326,58.836592843622746,1156.8618851920064
34.73092355474625,82.8490008593869,66.37487978662352,1004.2297424921716
24.839063292467728,17.72395301001452,30.80094287180812,1724.4080939955227
20.563059424874993,31.81674825583024,73.48185159577059,604.1239857897792
11.442995598941135,19.618873739769935,75.59164662456439,444.7567573192
17.663944399837266,10.3895563231592,82.80141881227064,366.8796557746863
17.025427295081116,72.61919999851143,75.10090476546235,523.1975582461814
20.98060478930624,81.40024464321075,83.78061698051884,372.8885202725738
23.602837916493797,83.67831155012098,48.06974917997829,1261.9787817841923
19.86838895519913,46.14404540444268,59.72101997730127,903.6264711885711
16.092229045231143,50.43512457036815,66.8502591316246,681.0983722766708
28.339947674092954,98.8368436683695,37.76875124898362,1659.7057760363382
13.72551968333422,57.00407037593427,82.9739485780542,329.67134473501125
17.633980233155476,19.225175160230485,62.25269719718751,804.6588807750211
15.069902602136933,60.162658122783725,52.595760004130945,949.7416397813986
27.885796193151428,20.03088557120305,77.83528831632145,586.099212391493
11.80990472533787,74.88669660857107,38.98636004498809,1122.9531368450282
11.300246788398237,21.621216178450474,39.993052311418644,1089.1335050570033
27.376925376971634,10.59529044310313,84.60316860790823,403.2193444327024
21.956547994017544,43.72278482456882,80.43558649595664,459.3386608387084
30.059245091657058,76.78931242549545,58.35419459175132,1146.4933035061106
19.82615058425374,93.58017810020223,72.99219861014424,605.3278860256457
14.414091167122503,10.460874911949066,58.30273289539686,821.7299435403432
10.691118034291346,92.12465847680018,79.18513529831907,371.4528964677494
21.16068148109039,16.54694375710726,42.51589417647924,1326.7527495724175
11.723217307337968,75.28352883971905,65.01941796609458,642.2997577841355
23.23159446597608,27.583844398162494,74.83385340014672,606.9016885377131
18.960730571955732,40.403934817022375,39.25012465056346,1335.3044512582376
26.28979386440988,97.4141477347591,54.759178558290216,1160.1962030009347
23.994638303261567,78.12855898804231,67.22515758286333,802.895774837003
30.406083206328365,61.30983258550449,64.73377402667825,976.9817253255217
19.156872325208887,84.20470186652527,54.72731895139489,999.5499984415799
26.84479942500405,37.49063339368998,50.63053465842171,1279.775014176908
32.13911833342698,28.425616234116017,61.945464377915954,1087.2013070169362
29.761204928789134,51.51941593363294,59.192062963792125,1117.3459013804516
21.074474505807878,98.0086158554271,84.93882998650568,346.96774690719104
14.4578542937966,98.51348886724703,60.74827272142372,774.3944678689521
17.345743765160364,71.13423120208111,39.599553119321,1278.8509234552062
12.342340260364569,89.1511980629155,42.385140242529175,1075.7368485583304
31.790378203979756,76.64011164131404,42.974487125205826,1619.2502217177391
26.674003952479456,75.45005495952904,48.409974545463186,1332.9315896231255
14.903260148821323,50.74710732021585,75.46024301713386,489.6081534380811
27.015109462882748,16.805625946081122,39.511159237758264,1573.1668367654438
26.46713895786729,44.11875269408375,44.985127788850605,1415.7290364202688
22.542708106081147,15.077551481747365,57.938410644503364,999.8609326031133
12.790641107460551,99.9868937983743,62.89835449992324,701.0474847948149
24.21895643471066,85.20553024754042,38.54207869750927,1512.447375577584
10.816148989426715,59.64146774242646,49.01633236415121,913.0193180364865
27.452815236119353,44.22811790445011,73.89757215483337,684.5729124883311
13.830949785250645,65.68432589035612,85.05640465001264,290.13700032323214
31.06857200942792,70.269129266101,88.6227044627885,318.9543570503428
24.260458728035072,20.718456311508902,82.80463786619661,423.5257133529194
15.860485631680756,78.2562692044996,30.32672772236336,1423.4418704062766
19.051357438736176,39.19451926557096,62.65886198694035,822.4639088912346
23.22650641217269,69.7289543172484,72.7917398351332,656.0796666525058
31.541595420278107,50.689805131701654,70.95729621646038,821.0604036199387
32.073819823200076,33.36063583963275,48.431292654687695,1471.6115557708445
23.248367325617124,70.5707013503777,36.76442073127461,1525.5067283028209
20.045832913868765,11.218921459755084,36.462434161989364,1431.0512872464815
30.53757569150905,31.739624960084473,44.22210251880509,1548.8846016375471
11.95571011611281,95.08941587733189,76.46956897027538,434.79189402084455
21.30332647868137,85.53533324770352,46.25067439216328,1244.3862858143063
28.907654450476695,77.78535018119956,38.52579493442161,1656.965102146472
24.03329136951983,25.317840750927054,45.17803025469675,1344.0508079862275
14.648933983100623,82.42453179473245,46.15868417022049,1067.375388449099
18.0581584124623,96.02919080011371,84.15911662701888,341.03963283358075
18.085584671502325,90.40329202579086,43.859580571658555,1209.4213973867297
11.624389152228744,55.66830262985641,85.52834282963477,265.0078019425489
16.13277722743497,11.451642102827702,43.407334309998895,1163.9067552667589
13.98378577530964,68.78668064505587,84.5937275439333,300.29741251167894
27.65617121725434,18.19357573552681,30.33733697882249,1834.0845557465077
17.230597818240017,46.144272998973044,72.10306439352823,589.0521339791245
16.274653412259596,69.94275467594224,82.9880260922935,351.0816634494947
11.784300234110297,75.66259212052461,44.84725928354152,1014.3774866241241
11.39141825214251,86.1458277283211,86.96779169425153,237.130271601769
30.069918261801487,93.826810538181,39.206506587313186,1673.946356543015
12.147329602601141,68.3778147745374,51.312473628878635,904.3057948216901
13.547571490055715,63.36932168890977,88.29521466791604,225.59552468213096
19.532260217436274,57.142874258627195,68.30103190032668,705.8133480194319
17.355257289621598,72.78562523025568,80.2360945991942,418.5526491494357
27.757741533718395,74.10129201268336,79.13178561820666,550.4799303124389
28.553108644455712,74.00906304177063,36.88116902786545,1690.1048062808788
14.762479772365824,96.10682958557393,39.762988536867994,1197.5864749252773
33.74861215513529,66.9876777357111,66.07296450498524,996.5831249350654
29.75957868532464,51.76694410218204,45.537021400206584,1491.1848810362699
29.218061834333916,86.30433148355134,78.77443928223943,575.4043817319758
34.116861171638504,37.68158791013066,89.85078905717603,299.9947471542995
31.07620119517888,46.0614787418428,74.3857057594434,718.1761586529818
33.95722054553484,95.78683821609293,44.45057483932116,1637.519855187912
33.331522539142995,15.011364354671688,48.319018103613196,1507.315180167064
33.4769452868989,66.88662334731954,34.51339565500272,1914.7282896536012
10.630791706228973,14.16723068157685,50.477091196666436,882.2702241290757
20.330307264556666,49.11028302492101,41.11341415836284,1334.6735149810522
10.710498645827066,78.6789909522718,47.10131122095186,944.519277005113
27.488124591223176,63.06245380770334,89.58215752066873,273.40650701343856
20.038294908632537,20.368657725192406,47.5412727063395,1181.3258151917062
30.362410903965824,55.06447702448402,82.73734153350867,477.8511956583588
12.39107883118724,34.7041957405345,76.53728223697684,438.64816473554816
26.21097065290619,33.28942220278163,33.26360812397193,1708.8177029220606
26.32767950862462,74.12725645709722,40.456054873123165,1528.1262660757325
13.488924107719154,32.824941202638286,49.31602419449669,975.3858491277454
32.038556963049274,42.91582213648053,39.506365272624365,1725.2348151496556
16.235336722491144,11.098933548785944,71.5520725013304,586.529934732328
26.940835410176803,71.05423400576228,72.57846275602999,712.1487763415397
23.57186318949106,57.307431001075635,82.85622602057842,416.3525221400109
32.663027877685025,22.049815641218824,52.526642049698665,1368.728781467773
13.784796475102347,40.473745337171664,70.24886021566002,576.9459507189733
31.09497498954786,53.489578988689026,34.19293982065518,1845.7226974480097
16.114165111462743,65.47117763769214,59.38363754205337,834.9539161615171
15.23114370520803,23.882944275509292,60.38920999427194,796.7936924986318
12.86896325350126,71.35910178825931,87.02838918124156,245.61072671714132
12.486896543849701,67.05488592385552,89.36653127466366,199.30787100447242
14.400813149734887,30.493401912887553,34.67604151302038,1286.9085412732613
19.071298792753964,84.25082613491254,53.985656739589544,1013.955935290947
30.889510783824054,37.84811794920452,63.62816639761256,1016.4019931740434
29.70575888104196,78.67654668631104,70.97792434467954,793.8373365136596
23.96767059606523,62.356506569761386,70.82097668142472,714.4144010894502
13.246860496700037,51.99235118795864,81.29703615301608,357.66482456520913
13.403410349948796,11.100063365341036,62.60359526555052,718.0747383149157
29.209883999859443,34.15797071531428,78.1756935114653,591.546561560423
10.332387012083519,24.370173528525605,55.91372759110044,778.8366193356893
27.323641162366062,84.80790326739752,61.07621738964619,1018.3170169930485
28.046231914489862,36.15968511647774,32.49726393999195,1790.3828959508924
23.508871197332443,66.32871548833077,52.22984869053484,1158.6380584739636
19.934246368554977,69.76126713138927,30.90647312886706,1552.3327794499305
15.686503500528346,18.294473250414956,63.78848106717156,736.6600459099864
25.601451623953402,69.5915881548406,75.90487104836419,609.6242510095593
11.102282373135354,20.490448495307717,85.23263351088917,266.56781744872774
33.81936593713911,92.87812511138152,30.278887370455017,2050.475818650849
16.714634211950706,38.49841672108381,69.47195722109637,636.733068864374
22.762530389455662,65.79588052173213,43.67703983380377,1345.0635482810242
11.433747338139241,63.06780700095825,70.03844593038204,545.8058454152292
28.89231874021285,70.47958847034789,60.92927438805255,1052.805999045235
31.473230776776987,47.20734294218937,70.78171043227027,825.0256048305482
27.1460891401673,79.01522605472374,37.14530033666791,1638.8133857612795
10.286892765776479,74.79640695440922,80.52803390136908,343.552589830612
28.976852250169753,55.83043692670413,52.660994199615764,1277.6052608786345
21.930451741656587,48.81676825198565,57.30357521372905,1001.8812514866795
14.994696960306563,82.67108255505875,49.468623894416424,1010.4935371650455
31.58505638424338,28.698581851310497,89.80759165137061,288.36900054921335
14.564164019811443,63.49114652941321,70.96318068719685,574.4087409526861
13.300050280097464,65.04959802739413,40.265705105339265,1143.9132489558378
10.542643807286366,18.06090999823713,79.75529105962117,359.77523942503524
28.248478032258237,94.6326262127227,51.57774751428627,1289.2056238789946
22.30831698378433,82.38693334077442,36.791214134722985,1495.1506389373358
28.47791120698282,22.00679309226174,43.92403737482021,1499.4126750577261
34.49390672096871,98.10871769702358,85.84555526947327,421.05160724253227
15.678128452100925,92.28583320040194,43.66129601526372,1145.876518757996
32.60621779444007,32.74771068590398,54.59009263869799,1307.9465067402555
19.193688817436126,67.74703041148959,87.45293984306406,277.25043607463914
20.951315816459015,64.04783588939114,35.58950143083323,1479.873580823682
19.29188797833885,52.95551317227453,84.95241572578288,333.24295850911886
